{"cameraMode":{"drawMode":0,"name":"Shaded","section":"Shading Mode"},"sceneLighting":true,"audioPlay":false,"sceneViewState":{"m_AlwaysRefresh":false,"showFog":true,"showSkybox":true,"showFlares":true,"showImageEffects":true,"showParticleSystems":true,"showVisualEffectGraphs":true,"m_FxEnabled":true},"in2DMode":false,"pivot":{"x":20.8176326751709,"y":0.8570399284362793,"z":-0.9310241341590881},"rotation":{"x":-0.059203747659921649,"y":-0.28436896204948428,"z":0.017633341252803804,"w":-0.9567818641662598},"size":15.109151840209961,"orthographic":false}