{"cameraMode":{"drawMode":0,"name":"Shaded","section":"Shading Mode"},"sceneLighting":true,"audioPlay":false,"sceneViewState":{"m_AlwaysRefresh":false,"showFog":true,"showSkybox":true,"showFlares":true,"showImageEffects":true,"showParticleSystems":true,"showVisualEffectGraphs":true,"m_FxEnabled":true},"in2DMode":false,"pivot":{"x":40.589576721191409,"y":5.485354423522949,"z":-58.4499397277832},"rotation":{"x":0.060959383845329288,"y":-0.06413232535123825,"z":0.001386714749969542,"w":0.9974339604377747},"size":6.754312992095947,"orthographic":false}